{"nodes":{"node:1":{"location":{"x":16,"y":119}}},"selection":["node:1"],"view":{"scroll":{"x":-667.0921630859375,"y":-158.081756591796875},"visible_rect":{"max":{"x":484.9078369140625,"y":421.918243408203125},"min":{"x":-667.0921630859375,"y":-158.081756591796875}},"zoom":1}}