{"nodes":{"node:1":{"location":{"x":324,"y":193}},"node:4":{"location":{"x":132,"y":362}},"node:7":{"location":{"x":388,"y":362}}},"selection":null,"view":{"scroll":{"x":-10.0326499938964844,"y":130.339126586914062},"visible_rect":{"max":{"x":913.57427978515625,"y":568.271484375},"min":{"x":-8.026123046875,"y":104.271339416503906}},"zoom":1.2499995231628418}}