{"nodes":{"node:1":{"location":{"x":838,"y":126}}},"selection":null,"view":{"scroll":{"x":-253.819564819335938,"y":-67.2964706420898438},"visible_rect":{"max":{"x":1197.5740966796875,"y":683.60479736328125},"min":{"x":-338.426116943359375,"y":-89.7286376953125}},"zoom":0.749999880790710449}}