{"nodes":{"node:1":{"location":{"x":-189,"y":79}}},"selection":["node:1"],"view":{"scroll":{"x":-975.07537841796875,"y":-45.3126449584960938},"visible_rect":{"max":{"x":136.462310791015625,"y":301.34368896484375},"min":{"x":-487.537689208984375,"y":-22.6563224792480469}},"zoom":2}}