{"nodes":{"node:1":{"location":{"x":-1836,"y":1073}},"node:3":{"location":{"x":-2060,"y":1274}}},"selection":null,"view":{"scroll":{"x":-2804.9599609375,"y":1263.32763671875},"visible_rect":{"max":{"x":-1245.5679931640625,"y":1529.0621337890625},"min":{"x":-2243.968017578125,"y":1010.662109375}},"zoom":1.25}}