{"nodes":{"node:1":{"location":{"x":-1952,"y":1236}}},"selection":null,"view":{"scroll":{"x":-2916.380615234375,"y":1350.4539794921875},"visible_rect":{"max":{"x":-1334.7044677734375,"y":1598.76318359375},"min":{"x":-2333.1044921875,"y":1080.3631591796875}},"zoom":1.25}}